config,pattern,rate,avg_pkt_latency,avg_flit_latency,avg_flit_network_latency,avg_flit_queueing_latency,avg_hops,packets_received,flits_received,sim_cycles,accepted_flits_per_node_cycle
vc1,uniform_random,0.01,13.340076,13.340076,11.227457,2.112619,3.96227,15770.0,15770.0,100000.0,0.00985625
vc1,uniform_random,0.02,13.964005,13.964005,11.699799,2.264206,3.993864,31782.0,31782.0,100000.0,0.01986375
vc1,uniform_random,0.03,14.883218,14.883218,12.404209,2.479009,4.015479,47807.0,47807.0,100000.0,0.029879375
vc1,bit_complement,0.01,13.356564,13.356564,11.247656,2.108908,3.980613,15784.0,15784.0,100000.0,0.009865
vc1,bit_complement,0.02,13.952151,13.952151,11.694017,2.258134,4.000282,31871.0,31871.0,100000.0,0.019919375
vc1,bit_complement,0.03,14.873691,14.873691,12.365158,2.508533,4.003964,47930.0,47930.0,100000.0,0.02995625
vc1,bit_complement,0.04,16.553588,16.553588,13.508259,3.045329,4.006529,63867.0,63867.0,100000.0,0.039916875
vc1,bit_complement,0.05,20.891501,20.891501,15.774446,5.117056,4.007647,80167.0,80167.0,100000.0,0.050104375
vc1,bit_complement,0.075,6690.765286,6690.765286,25.441882,6665.323404,3.600538,99977.0,99977.0,100000.0,0.062485625
vc1,bit_complement,0.1,13114.681049,13114.681049,27.053927,13087.627122,3.096853,99987.0,99987.0,100000.0,0.062491875
vc1,bit_complement,0.15,21307.848653,21307.848653,27.991059,21279.857594,2.750273,99989.0,99989.0,100000.0,0.062493125
vc1,bit_complement,0.2,28489.920421,28489.920421,27.992089,28461.928332,2.750053,99989.0,99989.0,100000.0,0.062493125
vc1,bit_complement,0.25,32800.466631,32800.466631,27.993289,32772.473342,2.750013,99989.0,99989.0,100000.0,0.062493125
vc1,bit_complement,0.3,35677.674187,35677.674187,27.993079,35649.681108,2.749955,99990.0,99990.0,100000.0,0.06249375
vc1,bit_complement,0.4,39233.8862,39233.8862,27.993259,39205.89294,2.749917,99991.0,99991.0,100000.0,0.062494375
vc1,bit_complement,0.5,41369.55446,41369.55446,27.993309,41341.561151,2.749897,99991.0,99991.0,100000.0,0.062494375
vc1,bit_complement,0.6,42817.219188,42817.219188,27.993179,42789.226008,2.7499,99992.0,99992.0,100000.0,0.062495
vc1,bit_complement,0.7,43859.577576,43859.577576,27.993179,43831.584397,2.7499,99992.0,99992.0,100000.0,0.062495
vc1,bit_reverse,0.01,12.770274,12.770274,10.665357,2.104916,3.731754,15784.0,15784.0,100000.0,0.009865
vc1,bit_reverse,0.02,13.19476,13.19476,10.950486,2.244274,3.740728,31870.0,31870.0,100000.0,0.01991875
vc1,bit_reverse,0.03,13.777666,13.777666,11.336087,2.441579,3.753464,47928.0,47928.0,100000.0,0.029955
vc1,bit_reverse,0.04,14.544367,14.544367,11.812339,2.732028,3.74075,63865.0,63865.0,100000.0,0.039915625
vc1,bit_reverse,0.05,15.821909,15.821909,12.599548,3.222361,3.743835,80167.0,80167.0,100000.0,0.050104375
vc1_bubble,uniform_random,0.01,13.344642,13.344642,11.226823,2.117819,3.96227,15770.0,15770.0,100000.0,0.00985625
vc1_bubble,uniform_random,0.02,13.980303,13.980303,11.687779,2.292524,3.993864,31782.0,31782.0,100000.0,0.01986375
vc1_bubble,uniform_random,0.03,14.946493,14.946493,12.36434,2.582153,4.015479,47807.0,47807.0,100000.0,0.029879375
vc1_bubble,uniform_random,0.04,16.489528,16.489528,13.343899,3.145629,4.006483,46124.0,46124.0,100000.0,0.0288275
vc1_bubble,uniform_random,0.05,19.597683,19.597683,14.660154,4.937528,3.952294,4402.0,4402.0,100000.0,0.00275125
vc1_bubble,uniform_random,0.075,20.571429,20.571429,15.571429,5.0,3.571429,77.0,77.0,100000.0,4.8125e-05
vc1_bubble,uniform_random,0.1,47.677632,47.677632,23.164474,24.513158,3.565789,152.0,152.0,100000.0,9.5e-05
vc1_bubble,uniform_random,0.15,31.101695,31.101695,19.305085,11.79661,3.694915,59.0,59.0,100000.0,3.6875e-05
vc1_bubble,uniform_random,0.2,42.148148,42.148148,22.925926,19.222222,3.62963,54.0,54.0,100000.0,3.375e-05
vc1_bubble,uniform_random,0.25,31.68,31.68,17.76,13.92,3.38,50.0,50.0,100000.0,3.125e-05
vc1_bubble,uniform_random,0.3,38.811594,38.811594,23.26087,15.550725,3.710145,69.0,69.0,100000.0,4.3125e-05
vc1_bubble,uniform_random,0.4,32.26,32.26,18.54,13.72,3.58,50.0,50.0,100000.0,3.125e-05
vc1_bubble,uniform_random,0.5,19.741935,19.741935,12.870968,6.870968,2.870968,31.0,31.0,100000.0,1.9375e-05
vc1_bubble,uniform_random,0.6,28.404762,28.404762,17.047619,11.357143,3.880952,42.0,42.0,100000.0,2.625e-05
vc1_bubble,uniform_random,0.7,35.8,35.8,20.525,15.275,3.85,40.0,40.0,100000.0,2.5e-05
vc1_bubble,bit_complement,0.01,13.356564,13.356564,11.244235,2.112329,3.980613,15784.0,15784.0,100000.0,0.009865
vc1_bubble,bit_complement,0.02,13.952527,13.952527,11.672555,2.279972,4.000282,31871.0,31871.0,100000.0,0.019919375
vc1_bubble,bit_complement,0.03,14.874233,14.874233,12.291508,2.582725,4.003964,47930.0,47930.0,100000.0,0.02995625
vc1_bubble,bit_complement,0.04,16.554418,16.554418,13.307404,3.247013,4.006529,63867.0,63867.0,100000.0,0.039916875
vc1_bubble,bit_complement,0.05,20.895306,20.895306,15.245837,5.649469,4.007647,80167.0,80167.0,100000.0,0.050104375
vc1_bubble,bit_complement,0.075,6690.505841,6690.505841,22.966532,6667.539309,3.600524,99976.0,99976.0,100000.0,0.062485
vc1_bubble,bit_complement,0.1,13114.681049,13114.681049,23.870143,13090.810905,3.096853,99987.0,99987.0,100000.0,0.062491875
vc1_bubble,bit_complement,0.15,21307.848653,21307.848653,24.024823,21283.823831,2.750273,99989.0,99989.0,100000.0,0.062493125
vc1_bubble,bit_complement,0.2,28489.920421,28489.920421,24.025103,28465.895318,2.750053,99989.0,99989.0,100000.0,0.062493125
vc1_bubble,bit_complement,0.25,32800.466631,32800.466631,24.057186,32776.409445,2.750013,99989.0,99989.0,100000.0,0.062493125
vc1_bubble,bit_complement,0.3,35677.674187,35677.674187,24.244374,35653.429813,2.749955,99990.0,99990.0,100000.0,0.06249375
vc1_bubble,bit_complement,0.4,39233.8862,39233.8862,24.213239,39209.672961,2.749917,99991.0,99991.0,100000.0,0.062494375
vc1_bubble,bit_complement,0.5,41369.55446,41369.55446,24.244482,41345.309978,2.749897,99991.0,99991.0,100000.0,0.062494375
vc1_bubble,bit_complement,0.6,42817.219188,42817.219188,23.963037,42793.25615,2.7499,99992.0,99992.0,100000.0,0.062495
vc1_bubble,bit_complement,0.7,43859.577576,43859.577576,23.962967,43835.614609,2.7499,99992.0,99992.0,100000.0,0.062495
vc1_bubble,bit_reverse,0.01,12.770274,12.770274,10.662316,2.107957,3.731754,15784.0,15784.0,100000.0,0.009865
vc1_bubble,bit_reverse,0.02,13.195513,13.195513,10.936555,2.258958,3.740728,31870.0,31870.0,100000.0,0.01991875
vc1_bubble,bit_reverse,0.03,13.78282,13.78282,11.298928,2.483893,3.753464,47928.0,47928.0,100000.0,0.029955
vc1_bubble,bit_reverse,0.04,14.565302,14.565302,11.729273,2.836029,3.74075,63865.0,63865.0,100000.0,0.039915625
vc1_bubble,bit_reverse,0.05,15.882732,15.882732,12.423965,3.458767,3.743835,80167.0,80167.0,100000.0,0.050104375
vc1_bubble,bit_reverse,0.075,34.144993,34.144993,17.168909,16.976084,3.602392,669.0,669.0,100000.0,0.000418125
vc1_bubble,bit_reverse,0.1,24.076336,24.076336,13.778626,10.29771,3.236641,131.0,131.0,100000.0,8.1875e-05
vc1_bubble,bit_reverse,0.15,28.082707,28.082707,14.37594,13.706767,3.105263,133.0,133.0,100000.0,8.3125e-05
vc1_bubble,bit_reverse,0.2,30.033898,30.033898,15.559322,14.474576,3.084746,118.0,118.0,100000.0,7.375e-05
vc1_bubble,bit_reverse,0.25,49.204918,49.204918,21.762295,27.442623,3.368852,122.0,122.0,100000.0,7.625e-05
vc1_bubble,bit_reverse,0.3,28.012821,28.012821,15.24359,12.769231,2.923077,78.0,78.0,100000.0,4.875e-05
vc1_bubble,bit_reverse,0.4,42.722222,42.722222,17.416667,25.305556,3.111111,108.0,108.0,100000.0,6.75e-05
vc1_bubble,bit_reverse,0.5,48.637168,48.637168,19.610619,29.026549,3.238938,113.0,113.0,100000.0,7.0625e-05
vc1_bubble,bit_reverse,0.6,32.440476,32.440476,14.488095,17.952381,2.940476,84.0,84.0,100000.0,5.25e-05
vc1_bubble,bit_reverse,0.7,33.309524,33.309524,14.47619,18.833333,2.940476,84.0,84.0,100000.0,5.25e-05
vc2,uniform_random,0.01,12.9487,12.9487,10.947876,2.000824,3.96227,15770.0,15770.0,100000.0,0.00985625
vc2,uniform_random,0.02,13.055535,13.055535,11.052262,2.003272,3.993864,31782.0,31782.0,100000.0,0.01986375
vc2,uniform_random,0.03,13.164014,13.164014,11.154203,2.00981,4.015479,47807.0,47807.0,100000.0,0.029879375
vc2,uniform_random,0.04,13.230219,13.230219,11.211509,2.01871,4.01251,63709.0,63709.0,100000.0,0.039818125
vc2,uniform_random,0.05,13.295801,13.295801,11.26744,2.028361,3.992,80003.0,80003.0,100000.0,0.050001875
vc2,uniform_random,0.075,13.698922,13.698922,11.629507,2.069415,4.003371,119557.0,119557.0,100000.0,0.074723125
vc2,bit_complement,0.01,12.988216,12.988216,10.987709,2.000507,3.980613,15784.0,15784.0,100000.0,0.009865
vc2,bit_complement,0.02,13.076088,13.076088,11.072982,2.003106,4.000282,31871.0,31871.0,100000.0,0.019919375
vc2,bit_complement,0.03,13.162174,13.162174,11.153265,2.008909,4.003964,47930.0,47930.0,100000.0,0.02995625
vc2,bit_complement,0.04,13.275667,13.275667,11.258208,2.017458,4.006529,63867.0,63867.0,100000.0,0.039916875
vc2,bit_complement,0.05,13.42361,13.42361,11.394459,2.029151,4.007634,80168.0,80168.0,100000.0,0.050105
vc2,bit_complement,0.075,14.072608,14.072608,11.985455,2.087153,3.997261,119766.0,119766.0,100000.0,0.07485375
vc2,bit_complement,0.1,16.165263,16.165263,13.727035,2.438228,4.001194,159903.0,159903.0,100000.0,0.099939375
vc2,bit_complement,0.15,6660.585012,6660.585012,25.131322,6635.45369,3.599009,199967.0,199967.0,100000.0,0.124979375
vc2,bit_complement,0.2,13095.600472,13095.600472,26.922604,13068.677868,3.096394,199971.0,199971.0,100000.0,0.124981875
vc2,bit_complement,0.25,15782.9578,15782.9578,27.975522,15754.982278,2.755001,199976.0,199976.0,100000.0,0.124985
vc2,bit_complement,0.3,21380.0474,21380.0474,27.991694,21352.055706,2.750085,199980.0,199980.0,100000.0,0.1249875
vc2,bit_complement,0.4,28486.764464,28486.764464,27.992309,28458.772155,2.749912,199978.0,199978.0,100000.0,0.12498625
vc2,bit_complement,0.5,32767.8703,32767.8703,27.992444,32739.877856,2.749861,199977.0,199977.0,100000.0,0.124985625
vc2,bit_complement,0.6,35638.994384,35638.994384,27.992554,35611.00183,2.749844,199979.0,199979.0,100000.0,0.124986875
vc2,bit_complement,0.7,37712.847204,37712.847204,27.992594,37684.85461,2.749844,199979.0,199979.0,100000.0,0.124986875
vc2,bit_reverse,0.01,12.48188,12.48188,10.481374,2.000507,3.731754,15784.0,15784.0,100000.0,0.009865
vc2,bit_reverse,0.02,12.531597,12.531597,10.528522,2.003075,3.740728,31870.0,31870.0,100000.0,0.01991875
vc2,bit_reverse,0.03,12.60689,12.60689,10.598043,2.008847,3.753464,47928.0,47928.0,100000.0,0.029955
vc2,bit_reverse,0.04,12.644813,12.644813,10.627777,2.017036,3.74075,63865.0,63865.0,100000.0,0.039915625
vc2,bit_reverse,0.05,12.730425,12.730425,10.702421,2.028004,3.743835,80167.0,80167.0,100000.0,0.050104375
vc2,bit_reverse,0.075,13.023922,13.023922,10.9531,2.070822,3.741836,119765.0,119765.0,100000.0,0.074853125
vc2,bit_reverse,0.1,13.626052,13.626052,11.459213,2.16684,3.751685,159902.0,159902.0,100000.0,0.09993875
vc2_bubble,uniform_random,0.01,13.069943,13.069943,11.068992,2.000951,3.96227,15770.0,15770.0,100000.0,0.00985625
vc2_bubble,uniform_random,0.02,13.297779,13.297779,11.293405,2.004374,3.993864,31782.0,31782.0,100000.0,0.01986375
vc2_bubble,uniform_random,0.03,13.552743,13.552743,11.536637,2.016106,4.015479,47807.0,47807.0,100000.0,0.029879375
vc2_bubble,uniform_random,0.04,13.764244,13.764244,11.731706,2.032538,4.012526,63710.0,63710.0,100000.0,0.03981875
vc2_bubble,uniform_random,0.05,14.002562,14.002562,11.945565,2.056998,3.992,80003.0,80003.0,100000.0,0.050001875
vc2_bubble,uniform_random,0.075,14.955151,14.955151,12.744438,2.210713,4.003354,119556.0,119556.0,100000.0,0.0747225
vc2_bubble,uniform_random,0.1,16.737021,16.737021,13.972214,2.764806,4.000219,159579.0,159579.0,100000.0,0.099736875
vc2_bubble,uniform_random,0.15,372.610496,372.610496,21.06697,351.543526,4.003181,238570.0,238570.0,100000.0,0.14910625
vc2_bubble,uniform_random,0.2,12446.451039,12446.451039,21.307029,12425.14401,4.002243,239886.0,239886.0,100000.0,0.14992875
vc2_bubble,uniform_random,0.25,19913.611084,19913.611084,21.294805,19892.316279,4.001154,240016.0,240016.0,100000.0,0.15001
vc2_bubble,uniform_random,0.3,25117.947779,25117.947779,21.336066,25096.611713,3.999319,239367.0,239367.0,100000.0,0.149604375
vc2_bubble,uniform_random,0.4,31174.841248,31174.841248,21.27935,31153.561898,3.996718,240111.0,240111.0,100000.0,0.150069375
vc2_bubble,uniform_random,0.5,34978.321601,34978.321601,21.318844,34957.002758,3.997096,239688.0,239688.0,100000.0,0.149805
vc2_bubble,uniform_random,0.6,37385.798887,37385.798887,21.342168,37364.456719,4.006414,239622.0,239622.0,100000.0,0.14976375
vc2_bubble,uniform_random,0.7,39370.850527,39370.850527,21.301225,39349.549302,3.998754,239917.0,239917.0,100000.0,0.149948125
vc2_bubble,bit_complement,0.01,13.151546,13.151546,11.150912,2.000634,3.980613,15784.0,15784.0,100000.0,0.009865
vc2_bubble,bit_complement,0.02,13.415864,13.415864,11.411377,2.004487,4.000282,31871.0,31871.0,100000.0,0.019919375
vc2_bubble,bit_complement,0.03,13.717546,13.717546,11.699583,2.017964,4.003964,47930.0,47930.0,100000.0,0.02995625
vc2_bubble,bit_complement,0.04,14.097954,14.097954,12.053016,2.044937,4.006529,63867.0,63867.0,100000.0,0.039916875
vc2_bubble,bit_complement,0.05,14.573453,14.573453,12.47567,2.097783,4.007647,80167.0,80167.0,100000.0,0.050104375
vc2_bubble,bit_complement,0.075,16.921112,16.921112,14.224999,2.696113,3.99727,119765.0,119765.0,100000.0,0.074853125
vc2_bubble,bit_complement,0.1,38.200807,38.200807,19.048269,19.152538,4.00142,159875.0,159875.0,100000.0,0.099921875
vc2_bubble,bit_complement,0.15,11618.249085,11618.249085,24.77251,11593.476574,4.479681,174808.0,174808.0,100000.0,0.109255
vc2_bubble,bit_complement,0.2,16176.70578,16176.70578,26.500861,16150.204919,4.818041,179403.0,179403.0,100000.0,0.112126875
vc2_bubble,bit_complement,0.25,19198.717595,19198.717595,27.496145,19171.22145,4.999718,184579.0,184579.0,100000.0,0.115361875
vc2_bubble,bit_complement,0.3,24357.843614,24357.843614,27.49708,24330.346534,4.999762,184588.0,184588.0,100000.0,0.1153675
vc2_bubble,bit_complement,0.4,30749.306983,30749.306983,27.497205,30721.809778,4.999762,184590.0,184590.0,100000.0,0.11536875
vc2_bubble,bit_complement,0.5,34590.766514,34590.766514,27.497559,34563.268954,4.999805,184589.0,184589.0,100000.0,0.115368125
vc2_bubble,bit_complement,0.6,37186.068541,37186.068541,27.497522,37158.571019,4.999816,184591.0,184591.0,100000.0,0.115369375
vc2_bubble,bit_complement,0.7,39031.654826,39031.654826,27.497565,39004.157261,4.999816,184591.0,184591.0,100000.0,0.115369375
vc2_bubble,bit_reverse,0.01,12.603269,12.603269,10.602762,2.000507,3.731754,15784.0,15784.0,100000.0,0.009865
vc2_bubble,bit_reverse,0.02,12.791967,12.791967,10.787669,2.004299,3.740728,31870.0,31870.0,100000.0,0.01991875
vc2_bubble,bit_reverse,0.03,13.021908,13.021908,11.006593,2.015315,3.753464,47928.0,47928.0,100000.0,0.029955
vc2_bubble,bit_reverse,0.04,13.241478,13.241478,11.204901,2.036577,3.74075,63865.0,63865.0,100000.0,0.039915625
vc2_bubble,bit_reverse,0.05,13.547101,13.547101,11.477672,2.069429,3.743875,80168.0,80168.0,100000.0,0.050105
vc2_bubble,bit_reverse,0.075,14.666163,14.666163,12.342412,2.323751,3.741853,119765.0,119765.0,100000.0,0.074853125
vc2_bubble,bit_reverse,0.1,17.778994,17.778994,13.989237,3.789757,3.751732,159896.0,159896.0,100000.0,0.099935
vc2_bubble,bit_reverse,0.15,5923.226199,5923.226199,18.705528,5904.520671,3.570776,209979.0,209979.0,100000.0,0.131236875
vc2_bubble,bit_reverse,0.2,12012.826074,12012.826074,17.315536,11995.510538,3.284803,231023.0,231023.0,100000.0,0.144389375
vc2_bubble,bit_reverse,0.25,14737.345644,14737.345644,16.052683,14721.292962,3.045472,252132.0,252132.0,100000.0,0.1575825
vc2_bubble,bit_reverse,0.3,16109.292452,16109.292452,15.154125,16094.138327,2.799154,271118.0,271118.0,100000.0,0.16944875
vc2_bubble,bit_reverse,0.4,16735.107875,16735.107875,13.606643,16721.501231,2.442683,310685.0,310685.0,100000.0,0.194178125
vc2_bubble,bit_reverse,0.5,23305.961326,23305.961326,13.684159,23292.277167,2.419267,309972.0,309972.0,100000.0,0.1937325
vc2_bubble,bit_reverse,0.6,27702.271545,27702.271545,13.550036,27688.721509,2.461397,311974.0,311974.0,100000.0,0.19498375
vc2_bubble,bit_reverse,0.7,30912.460808,30912.460808,13.549985,30898.910823,2.461382,311976.0,311976.0,100000.0,0.194985
vc2_escape,uniform_random,0.01,14.476061,14.476061,12.475236,2.000824,4.676264,15769.0,15769.0,100000.0,0.009855625
vc2_escape,uniform_random,0.02,14.759101,14.759101,12.755388,2.003713,4.728077,31781.0,31781.0,100000.0,0.019863125
vc2_escape,uniform_random,0.03,15.130572,15.130572,13.119193,2.01138,4.78109,47805.0,47805.0,100000.0,0.029878125
vc2_escape,uniform_random,0.04,15.509967,15.509967,13.487254,2.022713,4.784517,63708.0,63708.0,100000.0,0.0398175
vc2_escape,uniform_random,0.05,16.174425,16.174425,14.1349,2.039525,4.776575,80000.0,80000.0,100000.0,0.05
vc2_escape,uniform_random,0.075,20.52084,20.52084,18.300491,2.220349,4.72871,119551.0,119551.0,100000.0,0.074719375
vc2_escape,uniform_random,0.1,2542.213815,2542.213815,34.671019,2507.542796,4.353275,148881.0,148881.0,100000.0,0.093050625
vc2_escape,uniform_random,0.15,11733.641673,11733.641673,62.490597,11671.151076,4.28235,103425.0,103425.0,100000.0,0.064640625
vc2_escape,uniform_random,0.2,18151.777716,18151.777716,67.377687,18084.400029,4.307925,96858.0,96858.0,100000.0,0.06053625
vc2_escape,uniform_random,0.25,24393.891821,24393.891821,67.433396,24326.458424,4.301126,97172.0,97172.0,100000.0,0.0607325
vc2_escape,uniform_random,0.3,28673.280155,28673.280155,67.342081,28605.938073,4.288779,97050.0,97050.0,100000.0,0.06065625
vc2_escape,uniform_random,0.4,34163.257933,34163.257933,67.527891,34095.730041,4.292027,97289.0,97289.0,100000.0,0.060805625
vc2_escape,uniform_random,0.5,37299.510092,37299.510092,67.069077,37232.441015,4.29808,97457.0,97457.0,100000.0,0.060910625
vc2_escape,uniform_random,0.6,39481.267046,39481.267046,67.176753,39414.090293,4.285855,97560.0,97560.0,100000.0,0.060975
vc2_escape,uniform_random,0.7,41090.140633,41090.140633,66.412147,41023.728486,4.283175,97936.0,97936.0,100000.0,0.06121
vc2_escape,bit_complement,0.01,17.402053,17.402053,15.401483,2.00057,6.100101,15784.0,15784.0,100000.0,0.009865
vc2_escape,bit_complement,0.02,17.987073,17.987073,15.98359,2.003483,6.215337,31871.0,31871.0,100000.0,0.019919375
vc2_escape,bit_complement,0.03,18.798181,18.798181,16.786434,2.011747,6.316698,47929.0,47929.0,100000.0,0.029955625
vc2_escape,bit_complement,0.04,20.345896,20.345896,18.316052,2.029844,6.384367,63866.0,63866.0,100000.0,0.03991625
vc2_escape,bit_complement,0.05,23.454756,23.454756,21.3677,2.087057,6.313824,80166.0,80166.0,100000.0,0.05010375
vc2_escape,bit_complement,0.075,34.631756,34.631756,28.977036,5.65472,4.809122,119752.0,119752.0,100000.0,0.074845
vc2_escape,bit_complement,0.1,4620.825988,4620.825988,31.32103,4589.504957,4.089059,139289.0,139289.0,100000.0,0.087055625
vc2_escape,bit_complement,0.15,12456.921767,12456.921767,30.836068,12426.085699,3.346783,148531.0,148531.0,100000.0,0.092831875
vc2_escape,bit_complement,0.2,18884.777296,18884.777296,31.468766,18853.30853,3.032404,149117.0,149117.0,100000.0,0.093198125
vc2_escape,bit_complement,0.25,21458.197713,21458.197713,24.768172,21433.429541,2.756188,149960.0,149960.0,100000.0,0.093725
vc2_escape,bit_complement,0.3,26115.973543,26115.973543,19.996073,26095.97747,2.749995,149981.0,149981.0,100000.0,0.093738125
vc2_escape,bit_complement,0.4,32044.88062,32044.88062,19.996546,32024.884074,2.749985,149983.0,149983.0,100000.0,0.093739375
vc2_escape,bit_complement,0.5,35640.29618,35640.29618,19.996386,35620.299794,2.749892,149983.0,149983.0,100000.0,0.093739375
vc2_escape,bit_complement,0.6,38047.23061,38047.23061,19.996666,38027.233943,2.749908,149985.0,149985.0,100000.0,0.093740625
vc2_escape,bit_complement,0.7,39767.541558,39767.541558,19.99644,39747.545118,2.749867,149984.0,149984.0,100000.0,0.09374
vc2_escape,bit_reverse,0.01,12.784655,12.784655,10.784149,2.000507,3.858718,15784.0,15784.0,100000.0,0.009865
vc2_escape,bit_reverse,0.02,12.91958,12.91958,10.916379,2.003201,3.874208,31870.0,31870.0,100000.0,0.01991875
vc2_escape,bit_reverse,0.03,13.079369,13.079369,11.06975,2.009619,3.889793,47928.0,47928.0,100000.0,0.029955
vc2_escape,bit_reverse,0.04,13.218116,13.218116,11.198935,2.019181,3.877633,63865.0,63865.0,100000.0,0.039915625
vc2_escape,bit_reverse,0.05,13.458137,13.458137,11.426278,2.031859,3.882481,80166.0,80166.0,100000.0,0.05010375
vc2_escape,bit_reverse,0.075,14.51505,14.51505,12.415071,2.099979,3.879639,119765.0,119765.0,100000.0,0.074853125
vc2_escape,bit_reverse,0.1,17.97112,17.97112,15.406024,2.565096,3.87997,159902.0,159902.0,100000.0,0.09993875
vc2_escape,bit_reverse,0.15,9855.097827,9855.097827,21.72814,9833.369687,2.972161,172600.0,172600.0,100000.0,0.107875
vc2_escape,bit_reverse,0.2,14170.595846,14170.595846,26.965032,14143.630814,2.621789,186597.0,186597.0,100000.0,0.116623125
vc2_escape,bit_reverse,0.25,15373.067153,15373.067153,24.571699,15348.495453,2.366841,206738.0,206738.0,100000.0,0.12921125
vc2_escape,bit_reverse,0.3,15548.795561,15548.795561,28.198215,15520.597346,2.113774,221078.0,221078.0,100000.0,0.13817375
vc2_escape,bit_reverse,0.4,14845.192723,14845.192723,24.310415,14820.882308,1.795777,260690.0,260690.0,100000.0,0.16293125
vc2_escape,bit_reverse,0.5,21783.916476,21783.916476,24.362109,21759.554367,1.790238,260858.0,260858.0,100000.0,0.16303625
vc2_escape,bit_reverse,0.6,26429.208843,26429.208843,24.290607,26404.918236,1.793517,260947.0,260947.0,100000.0,0.163091875
vc2_escape,bit_reverse,0.7,29824.702164,29824.702164,24.290448,29800.411716,1.793504,260949.0,260949.0,100000.0,0.163093125
vc4,uniform_random,0.01,12.940964,12.940964,10.940964,2.0,3.96227,15770.0,15770.0,100000.0,0.00985625
vc4,uniform_random,0.02,13.025329,13.025329,11.025329,2.0,3.993864,31782.0,31782.0,100000.0,0.01986375
vc4,uniform_random,0.03,13.08756,13.08756,11.087539,2.000021,4.015479,47807.0,47807.0,100000.0,0.029879375
vc4,uniform_random,0.04,13.103422,13.103422,11.103422,2.0,4.012526,63710.0,63710.0,100000.0,0.03981875
vc4,uniform_random,0.05,13.087159,13.087159,11.087134,2.000025,3.992,80003.0,80003.0,100000.0,0.050001875
vc4,uniform_random,0.075,13.179881,13.179881,11.179839,2.000042,4.003371,119557.0,119557.0,100000.0,0.074723125
vc4,uniform_random,0.1,13.25178,13.25178,11.251654,2.000125,4.000238,159584.0,159584.0,100000.0,0.09974
vc4,uniform_random,0.15,13.494512,13.494512,11.493806,2.000706,4.002982,239420.0,239420.0,100000.0,0.1496375
vc4,uniform_random,0.2,13.888152,13.888152,11.885466,2.002686,4.00222,319426.0,319426.0,100000.0,0.19964125
vc4,bit_complement,0.01,12.976685,12.976685,10.976685,2.0,3.980613,15784.0,15784.0,100000.0,0.009865
vc4,bit_complement,0.02,13.031251,13.031251,11.031251,2.0,4.000282,31871.0,31871.0,100000.0,0.019919375
vc4,bit_complement,0.03,13.058168,13.058168,11.058168,2.0,4.003964,47930.0,47930.0,100000.0,0.02995625
vc4,bit_complement,0.04,13.083815,13.083815,11.083799,2.000016,4.006529,63867.0,63867.0,100000.0,0.039916875
vc4,bit_complement,0.05,13.108634,13.108634,11.108622,2.000012,4.007634,80168.0,80168.0,100000.0,0.050105
vc4,bit_complement,0.075,13.152188,13.152188,11.15213,2.000058,3.997261,119766.0,119766.0,100000.0,0.07485375
vc4,bit_complement,0.1,13.248863,13.248863,11.248732,2.000131,4.001194,159903.0,159903.0,100000.0,0.099939375
vc4,bit_complement,0.15,13.564907,13.564907,11.564082,2.000825,4.000729,240013.0,240013.0,100000.0,0.150008125
vc4,bit_complement,0.2,14.509174,14.509174,12.492664,2.016509,4.000347,319877.0,319877.0,100000.0,0.199923125
vc4,bit_complement,0.25,140.718123,140.718123,22.528809,118.189314,3.991488,399210.0,399210.0,100000.0,0.24950625
vc4,bit_complement,0.3,6657.076469,6657.076469,24.422677,6632.653792,3.597231,399939.0,399939.0,100000.0,0.249961875
vc4,bit_complement,0.4,13103.847789,13103.847789,26.560096,13077.287693,3.098032,399951.0,399951.0,100000.0,0.249969375
vc4,bit_complement,0.5,15671.473668,15671.473668,27.970007,15643.503662,2.753782,399955.0,399955.0,100000.0,0.249971875
vc4,bit_complement,0.6,21317.960606,21317.960606,27.992189,21289.968417,2.749954,399959.0,399959.0,100000.0,0.249974375
vc4,bit_complement,0.7,25429.706514,25429.706514,27.992412,25401.714102,2.749904,399958.0,399958.0,100000.0,0.24997375
vc4,bit_reverse,0.01,12.474911,12.474911,10.474911,2.0,3.731754,15784.0,15784.0,100000.0,0.009865
vc4,bit_reverse,0.02,12.505679,12.505679,10.505679,2.0,3.740728,31870.0,31870.0,100000.0,0.01991875
vc4,bit_reverse,0.03,12.544629,12.544629,10.544629,2.0,3.753464,47928.0,47928.0,100000.0,0.029955
vc4,bit_reverse,0.04,12.532702,12.532702,10.532686,2.000016,3.74075,63865.0,63865.0,100000.0,0.039915625
vc4,bit_reverse,0.05,12.55345,12.55345,10.553438,2.000012,3.743875,80168.0,80168.0,100000.0,0.050105
vc4,bit_reverse,0.075,12.591528,12.591528,10.59147,2.000058,3.741863,119766.0,119766.0,100000.0,0.07485375
vc4,bit_reverse,0.1,12.663165,12.663165,10.663033,2.000131,3.751706,159903.0,159903.0,100000.0,0.099939375
vc4,bit_reverse,0.15,12.798779,12.798779,10.798021,2.000758,3.749248,240010.0,240010.0,100000.0,0.15000625
vc4,bit_reverse,0.2,13.038871,13.038871,11.035701,2.00317,3.749236,319878.0,319878.0,100000.0,0.19992375
vc4,bit_reverse,0.25,13.578701,13.578701,11.559565,2.019136,3.749481,400134.0,400134.0,100000.0,0.25008375
vc4_bubble,uniform_random,0.01,12.941027,12.941027,10.941027,2.0,3.96227,15770.0,15770.0,100000.0,0.00985625
vc4_bubble,uniform_random,0.02,13.025581,13.025581,11.025581,2.0,3.993864,31782.0,31782.0,100000.0,0.01986375
vc4_bubble,uniform_random,0.03,13.088293,13.088293,11.088272,2.000021,4.015479,47807.0,47807.0,100000.0,0.029879375
vc4_bubble,uniform_random,0.04,13.104693,13.104693,11.104693,2.0,4.012526,63710.0,63710.0,100000.0,0.03981875
vc4_bubble,uniform_random,0.05,13.090109,13.090109,11.090084,2.000025,3.992,80003.0,80003.0,100000.0,0.050001875
vc4_bubble,uniform_random,0.075,13.189215,13.189215,11.189165,2.00005,4.003371,119557.0,119557.0,100000.0,0.074723125
vc4_bubble,uniform_random,0.1,13.272471,13.272471,11.272346,2.000125,4.000238,159584.0,159584.0,100000.0,0.09974
vc4_bubble,uniform_random,0.15,13.560475,13.560475,11.559193,2.001282,4.002982,239420.0,239420.0,100000.0,0.1496375
vc4_bubble,uniform_random,0.2,14.048753,14.048753,12.038203,2.01055,4.002207,319425.0,319425.0,100000.0,0.199640625
vc4_bubble,uniform_random,0.25,15.185063,15.185063,13.068305,2.116758,4.002487,399604.0,399604.0,100000.0,0.2497525
vc4_bubble,uniform_random,0.3,20.671155,20.671155,15.802592,4.868563,4.001256,479463.0,479463.0,100000.0,0.299664375
vc4_bubble,uniform_random,0.4,9338.521207,9338.521207,20.846438,9317.674769,4.002033,519009.0,519009.0,100000.0,0.324380625
vc4_bubble,uniform_random,0.5,17522.06906,17522.06906,20.833383,17501.235676,3.999661,519204.0,519204.0,100000.0,0.3245025
vc4_bubble,uniform_random,0.6,22870.57375,22870.57375,20.804123,22849.769626,3.997267,520307.0,520307.0,100000.0,0.325191875
vc4_bubble,uniform_random,0.7,26769.299129,26769.299129,20.818004,26748.481125,3.994512,519351.0,519351.0,100000.0,0.324594375
vc4_bubble,bit_complement,0.01,12.976685,12.976685,10.976685,2.0,3.980613,15784.0,15784.0,100000.0,0.009865
vc4_bubble,bit_complement,0.02,13.031596,13.031596,11.031596,2.0,4.000282,31871.0,31871.0,100000.0,0.019919375
vc4_bubble,bit_complement,0.03,13.059649,13.059649,11.059649,2.0,4.003964,47930.0,47930.0,100000.0,0.02995625
vc4_bubble,bit_complement,0.04,13.087588,13.087588,11.087573,2.000016,4.006529,63867.0,63867.0,100000.0,0.039916875
vc4_bubble,bit_complement,0.05,13.116468,13.116468,11.116455,2.000012,4.007634,80168.0,80168.0,100000.0,0.050105
vc4_bubble,bit_complement,0.075,13.180619,13.180619,11.180544,2.000075,3.997261,119766.0,119766.0,100000.0,0.07485375
vc4_bubble,bit_complement,0.1,13.32212,13.32212,11.321764,2.000356,4.001194,159903.0,159903.0,100000.0,0.099939375
vc4_bubble,bit_complement,0.15,13.910313,13.910313,11.900847,2.009466,4.000729,240013.0,240013.0,100000.0,0.150008125
vc4_bubble,bit_complement,0.2,16.881323,16.881323,14.178706,2.702617,4.000372,319877.0,319877.0,100000.0,0.199923125
vc4_bubble,bit_complement,0.25,4316.396325,4316.396325,20.618914,4295.777411,4.229995,361047.0,361047.0,100000.0,0.225654375
vc4_bubble,bit_complement,0.3,8976.533861,8976.533861,23.864191,8952.66967,4.561695,366530.0,366530.0,100000.0,0.22908125
vc4_bubble,bit_complement,0.4,15695.518074,15695.518074,25.223885,15670.294189,4.856117,368868.0,368868.0,100000.0,0.2305425
vc4_bubble,bit_complement,0.5,16485.403391,16485.403391,27.230902,16458.172489,5.173102,372024.0,372024.0,100000.0,0.232515
vc4_bubble,bit_complement,0.6,19859.081067,19859.081067,28.353523,19830.727543,5.285466,373285.0,373285.0,100000.0,0.233303125
vc4_bubble,bit_complement,0.7,24188.689311,24188.689311,28.353991,24160.335319,5.285499,373283.0,373283.0,100000.0,0.233301875
vc4_bubble,bit_reverse,0.01,12.474911,12.474911,10.474911,2.0,3.731754,15784.0,15784.0,100000.0,0.009865
vc4_bubble,bit_reverse,0.02,12.505899,12.505899,10.505899,2.0,3.740728,31870.0,31870.0,100000.0,0.01991875
vc4_bubble,bit_reverse,0.03,12.545652,12.545652,10.545652,2.0,3.753464,47928.0,47928.0,100000.0,0.029955
vc4_bubble,bit_reverse,0.04,12.535176,12.535176,10.53516,2.000016,3.74075,63865.0,63865.0,100000.0,0.039915625
vc4_bubble,bit_reverse,0.05,12.557991,12.557991,10.557978,2.000012,3.743875,80168.0,80168.0,100000.0,0.050105
vc4_bubble,bit_reverse,0.075,12.606366,12.606366,10.606307,2.000058,3.741863,119766.0,119766.0,100000.0,0.07485375
vc4_bubble,bit_reverse,0.1,12.697041,12.697041,10.69686,2.000181,3.751706,159903.0,159903.0,100000.0,0.099939375
vc4_bubble,bit_reverse,0.15,12.925041,12.925041,10.923041,2.002,3.749248,240010.0,240010.0,100000.0,0.15000625
vc4_bubble,bit_reverse,0.2,13.445466,13.445466,11.418522,2.026945,3.749247,319876.0,319876.0,100000.0,0.1999225
vc4_bubble,bit_reverse,0.25,15.39789,15.39789,12.809328,2.588562,3.749486,400133.0,400133.0,100000.0,0.250083125
vc4_bubble,bit_reverse,0.3,1321.295473,1321.295473,16.203281,1305.092192,3.703191,466212.0,466212.0,100000.0,0.2913825
vc4_bubble,bit_reverse,0.4,6367.508735,6367.508735,15.930981,6351.577753,3.317799,530581.0,530581.0,100000.0,0.331613125
vc4_bubble,bit_reverse,0.5,10574.632804,10574.632804,15.143218,10559.489586,3.071853,575437.0,575437.0,100000.0,0.359648125
vc4_bubble,bit_reverse,0.6,13547.692973,13547.692973,14.411633,13533.281341,2.877055,613054.0,613054.0,100000.0,0.38315875
vc4_bubble,bit_reverse,0.7,14866.282193,14866.282193,13.643162,14852.639031,2.697761,655095.0,655095.0,100000.0,0.409434375
vc4_escape,uniform_random,0.01,13.640013,13.640013,11.640013,2.0,4.299239,15770.0,15770.0,100000.0,0.00985625
vc4_escape,uniform_random,0.02,13.74108,13.74108,11.74108,2.0,4.328016,31782.0,31782.0,100000.0,0.01986375
vc4_escape,uniform_random,0.03,13.83933,13.83933,11.839309,2.000021,4.352508,47806.0,47806.0,100000.0,0.02987875
vc4_escape,uniform_random,0.04,13.865639,13.865639,11.865639,2.0,4.338947,63709.0,63709.0,100000.0,0.039818125
vc4_escape,uniform_random,0.05,13.91169,13.91169,11.911665,2.000025,4.325179,80002.0,80002.0,100000.0,0.05000125
vc4_escape,uniform_random,0.075,14.136104,14.136104,12.136053,2.00005,4.342802,119556.0,119556.0,100000.0,0.0747225
vc4_escape,uniform_random,0.1,14.448598,14.448598,12.448385,2.000213,4.344032,159584.0,159584.0,100000.0,0.09974
vc4_escape,uniform_random,0.15,16.697541,16.697541,14.694755,2.002786,4.342666,239414.0,239414.0,100000.0,0.14963375
vc4_escape,uniform_random,0.2,19.736855,19.736855,17.704643,2.032213,4.17017,319410.0,319410.0,100000.0,0.19963125
vc4_escape,uniform_random,0.25,13567.381358,13567.381358,97.939857,13469.441501,4.543592,116788.0,116788.0,100000.0,0.0729925
vc4_escape,uniform_random,0.3,17854.012685,17854.012685,99.594706,17754.417978,4.540461,115494.0,115494.0,100000.0,0.07218375
vc4_escape,uniform_random,0.4,25698.321408,25698.321408,100.202082,25598.119326,4.563053,114602.0,114602.0,100000.0,0.07162625
vc4_escape,uniform_random,0.5,30116.600244,30116.600244,99.433117,30017.167128,4.568786,114595.0,114595.0,100000.0,0.071621875
vc4_escape,uniform_random,0.6,33615.887775,33615.887775,99.956313,33515.931461,4.557611,115161.0,115161.0,100000.0,0.071975625
vc4_escape,uniform_random,0.7,35975.579517,35975.579517,100.186224,35875.393293,4.547337,115227.0,115227.0,100000.0,0.072016875
vc4_escape,bit_complement,0.01,15.02002,15.02002,13.02002,2.0,4.9815,15784.0,15784.0,100000.0,0.009865
vc4_escape,bit_complement,0.02,15.118886,15.118886,13.118886,2.0,4.997615,31871.0,31871.0,100000.0,0.019919375
vc4_escape,bit_complement,0.03,15.209226,15.209226,13.209226,2.0,5.00651,47929.0,47929.0,100000.0,0.029955625
vc4_escape,bit_complement,0.04,15.323913,15.323913,13.323897,2.000016,5.017693,63866.0,63866.0,100000.0,0.03991625
vc4_escape,bit_complement,0.05,15.458243,15.458243,13.458231,2.000012,5.033929,80167.0,80167.0,100000.0,0.050104375
vc4_escape,bit_complement,0.075,16.02621,16.02621,14.026135,2.000075,5.073444,119764.0,119764.0,100000.0,0.0748525
vc4_escape,bit_complement,0.1,17.790203,17.790203,15.789696,2.000507,5.11432,159902.0,159902.0,100000.0,0.09993875
vc4_escape,bit_complement,0.15,21.599521,21.599521,19.58375,2.015771,4.401725,240000.0,240000.0,100000.0,0.15
vc4_escape,bit_complement,0.2,452.715548,452.715548,25.230053,427.485494,4.085369,317048.0,317048.0,100000.0,0.198155
vc4_escape,bit_complement,0.25,4763.074453,4763.074453,28.766013,4734.30844,3.667147,342524.0,342524.0,100000.0,0.2140775
vc4_escape,bit_complement,0.3,9871.829805,9871.829805,29.627011,9842.202794,3.340797,343994.0,343994.0,100000.0,0.21499625
vc4_escape,bit_complement,0.4,15306.138391,15306.138391,29.781088,15276.357303,2.939333,347075.0,347075.0,100000.0,0.216921875
vc4_escape,bit_complement,0.5,19323.881705,19323.881705,25.867436,19298.014269,2.751847,349929.0,349929.0,100000.0,0.218705625
vc4_escape,bit_complement,0.6,24386.763877,24386.763877,25.136915,24361.626961,2.749944,349961.0,349961.0,100000.0,0.218725625
vc4_escape,bit_complement,0.7,28055.48316,28055.48316,25.975095,28029.508065,2.776679,349963.0,349963.0,100000.0,0.218726875
vc4_escape,bit_reverse,0.01,12.610872,12.610872,10.610872,2.0,3.793588,15784.0,15784.0,100000.0,0.009865
vc4_escape,bit_reverse,0.02,12.658393,12.658393,10.658393,2.0,3.803483,31870.0,31870.0,100000.0,0.01991875
vc4_escape,bit_reverse,0.03,12.711943,12.711943,10.711943,2.0,3.816975,47928.0,47928.0,100000.0,0.029955
vc4_escape,bit_reverse,0.04,12.716417,12.716417,10.716402,2.000016,3.803946,63865.0,63865.0,100000.0,0.039915625
vc4_escape,bit_reverse,0.05,12.75499,12.75499,10.754977,2.000012,3.807417,80168.0,80168.0,100000.0,0.050105
vc4_escape,bit_reverse,0.075,12.844722,12.844722,10.844664,2.000058,3.805304,119766.0,119766.0,100000.0,0.07485375
vc4_escape,bit_reverse,0.1,12.997523,12.997523,10.997398,2.000125,3.816345,159903.0,159903.0,100000.0,0.099939375
vc4_escape,bit_reverse,0.15,13.542011,13.542011,11.540769,2.001242,3.81586,240008.0,240008.0,100000.0,0.150005
vc4_escape,bit_reverse,0.2,15.417532,15.417532,13.404989,2.012542,3.811192,319875.0,319875.0,100000.0,0.199921875
vc4_escape,bit_reverse,0.25,4271.644119,4271.644119,36.051721,4235.592398,3.146715,282690.0,282690.0,100000.0,0.17668125
vc4_escape,bit_reverse,0.3,15652.820857,15652.820857,53.964522,15598.856335,2.163164,228678.0,228678.0,100000.0,0.14292375
vc4_escape,bit_reverse,0.4,15208.41625,15208.41625,45.496235,15162.920015,1.881014,272889.0,272889.0,100000.0,0.170555625
vc4_escape,bit_reverse,0.5,13976.705017,13976.705017,41.14806,13935.556957,1.597326,308408.0,308408.0,100000.0,0.192755
vc4_escape,bit_reverse,0.6,13170.966042,13170.966042,35.890303,13135.075739,1.454291,352673.0,352673.0,100000.0,0.220420625
vc4_escape,bit_reverse,0.7,12049.92958,12049.92958,32.529118,12017.400462,1.287009,390569.0,390569.0,100000.0,0.244105625
